id,key,lang,url
001280af-d6a7-4276-87f3-debec5b32f40,safa_dua,tr,https://coaqrsapnpyutsxflsru.supabase.co/storage/v1/object/public/audio%20TR/TR%20Safa%20Dua.mp3
022b162c-0c55-4f0c-833a-78d6edfdfd35,safa_7,bn,https://coaqrsapnpyutsxflsru.supabase.co/storage/v1/object/public/audio%20BN/bn_safa_7.mp3
05d56aa8-7d18-4743-a9d3-b8696f0aa54a,safa_6,bn,https://coaqrsapnpyutsxflsru.supabase.co/storage/v1/object/public/audio%20BN/bn_safa_6.mp3
07c71be8-c912-47d0-9566-1e3d22bc8c8e,tawaf_6,en,https://coaqrsapnpyutsxflsru.supabase.co/storage/v1/object/public/audio%20EN/en_tawaf_6.mp3
097fe9bb-8830-415b-aac5-cb707ff501fd,safa_dua,ru,https://coaqrsapnpyutsxflsru.supabase.co/storage/v1/object/public/audio/ru_safa_dua.mp3
0a248c64-b389-4872-b42f-9bd8e75e263c,tawaf_7,bn,https://coaqrsapnpyutsxflsru.supabase.co/storage/v1/object/public/audio%20BN/BN%20Tawaf%207.mp3
0aad4ea4-4a22-49e7-af5f-c5775dbd161f,tawaf_4,id,https://coaqrsapnpyutsxflsru.supabase.co/storage/v1/object/public/audio%20Id/ID%20Tawaf%204.mp3
0ab3767f-4844-41b5-8c04-3c1a05a12cbd,zam_zam,uz,https://coaqrsapnpyutsxflsru.supabase.co/storage/v1/object/public/audio%20UZZ/UZ%20Zam%20Zam.mp3
0fb3f37c-d1a2-4554-b147-0eb9a15ea0c8,tawaf_6,ar,https://coaqrsapnpyutsxflsru.supabase.co/storage/v1/object/public/audio%20AR/AR%20Tawaf%206.mp3
109170fd-2e7d-4ba3-a214-8aff8db700a5,safa_1,bn,https://coaqrsapnpyutsxflsru.supabase.co/storage/v1/object/public/audio%20BN/BN%20Safa%201.mp3
12cb4a63-d656-4677-8ecc-eab2a4da0691,tawaf_2,bn,https://coaqrsapnpyutsxflsru.supabase.co/storage/v1/object/public/audio%20BN/BN%20Tawaf%202.mp3
139d159a-4d12-4acd-b521-31ef9f26c690,safa_dua,en,https://coaqrsapnpyutsxflsru.supabase.co/storage/v1/object/public/audio%20EN/EN%20Safa%20Dua.mp3
13f7282d-ee32-4dec-9d9a-16afffaf7df6,safa_5,uz,https://coaqrsapnpyutsxflsru.supabase.co/storage/v1/object/public/audio%20UZZ/UZ%20Safa%205.mp3
143b2b58-9edd-4d4c-a668-fac503e46c8c,tawaf_7,ms,https://coaqrsapnpyutsxflsru.supabase.co/storage/v1/object/public/audio%20MS/MS%20Tawaf%207.mp3
1585c187-abdd-4061-9c38-64b5a36f1c3a,safa_5,id,https://coaqrsapnpyutsxflsru.supabase.co/storage/v1/object/public/audio%20Id/ID%20Safa%205.mp3
172caa61-153e-4de6-8d81-126b1518e9dc,safa_end,tr,https://coaqrsapnpyutsxflsru.supabase.co/storage/v1/object/public/audio%20TR/TR%20Safa%20End.mp3
19bb3acc-a7cd-41c6-9d13-66918378ce75,tawaf_5,kk,https://coaqrsapnpyutsxflsru.supabase.co/storage/v1/object/public/audio%20UZ/KZ%20Tawaf%205.mp3
1eaf46c5-0523-43b7-94a6-ccdd53e3ee67,safa_5,ru,https://coaqrsapnpyutsxflsru.supabase.co/storage/v1/object/public/audio/ru_safa_5.mp3
1ee59786-95be-48c7-ba5d-32240b54f207,tawaf_6,bn,https://coaqrsapnpyutsxflsru.supabase.co/storage/v1/object/public/audio%20BN/BN%20Tawaf%206.mp3
21224a0d-da5c-4616-bf06-9bfb3e4b0ab7,tawaf_5,ar,https://coaqrsapnpyutsxflsru.supabase.co/storage/v1/object/public/audio%20AR/AR%20Tawaf%205.mp3
21eeb6c5-dbcf-483f-9b0c-fb72be05c7e7,pray,en,https://coaqrsapnpyutsxflsru.supabase.co/storage/v1/object/public/audio%20EN/en_pray.mp3
255b0c4d-6763-46b7-ad46-ef486e2274c6,safa_4,en,https://coaqrsapnpyutsxflsru.supabase.co/storage/v1/object/public/audio%20EN/EN%20Safa%204.mp3
268a40bd-df3e-42e4-8bd7-152b1c0ee696,tawaf_3,id,https://coaqrsapnpyutsxflsru.supabase.co/storage/v1/object/public/audio%20Id/ID%20Tawaf%203.mp3
27e3593c-3158-45c7-801c-b2ef4609cb11,safa_3,id,https://coaqrsapnpyutsxflsru.supabase.co/storage/v1/object/public/audio%20Id/ID%20Safa%203.mp3
2927fc61-1f29-406f-9f2f-093ef66d4b64,safa_1,id,https://coaqrsapnpyutsxflsru.supabase.co/storage/v1/object/public/audio%20Id/ID%20Safa%201.mp3
29db9489-9fa9-4cb0-891b-399146df7588,tawaf_start,kk,https://coaqrsapnpyutsxflsru.supabase.co/storage/v1/object/public/audio%20UZ/KZ%20Start%20.mp3
2a5ba2ad-215a-4e17-8b7e-b3878ac046eb,pray,ar,https://coaqrsapnpyutsxflsru.supabase.co/storage/v1/object/public/audio%20AR/AR%20Pray.mp3
2a68e5e1-116b-4dd8-b070-02d09eb9379c,tawaf_5,en,https://coaqrsapnpyutsxflsru.supabase.co/storage/v1/object/public/audio%20EN/en_tawaf_5.mp3
2bb1259d-2ded-4141-bf0f-b0882434cfb7,safa_dua,kk,https://coaqrsapnpyutsxflsru.supabase.co/storage/v1/object/public/audio%20UZ/KZ%20Safa%20Dua.mp3
2fbc7d21-a4b3-4853-bc68-435b8993471d,tawaf_4,tr,https://coaqrsapnpyutsxflsru.supabase.co/storage/v1/object/public/audio%20TR/TR%20Tawaf%204.mp3
2fd5c65e-748c-4e35-ae3e-394e1e99f463,tawaf_5,ru,https://coaqrsapnpyutsxflsru.supabase.co/storage/v1/object/public/audio/ru_tawaf_5.mp3
31b6b7de-7e87-43f3-9bf7-1dc8cb920721,tawaf_3,en,https://coaqrsapnpyutsxflsru.supabase.co/storage/v1/object/public/audio%20EN/en_tawaf_3.mp3
3216dde8-d1cf-4663-882f-66cfdaaf301f,tawaf_7,id,https://coaqrsapnpyutsxflsru.supabase.co/storage/v1/object/public/audio%20Id/ID%20Tawaf%207.mp3
346a8619-1e83-488e-b8a6-e4ee07940e9f,safa_end,kk,https://coaqrsapnpyutsxflsru.supabase.co/storage/v1/object/public/audio%20UZ/KZ%20End%20Safa.mp3
3b2e72ad-73a1-453f-a599-4541be9fa9a5,tawaf_4,bn,https://coaqrsapnpyutsxflsru.supabase.co/storage/v1/object/public/audio%20BN/BN%20Tawaf%204.mp3
3c88a85b-0ff0-4b03-a212-dd572720cd68,pray,ru,https://coaqrsapnpyutsxflsru.supabase.co/storage/v1/object/public/audio/ru_pray.mp3
3ecd0ba4-64a9-4de3-9a89-0abb170f1a4a,safa_6,en,https://coaqrsapnpyutsxflsru.supabase.co/storage/v1/object/public/audio%20EN/EN%20Safa%205.mp3
4197558f-8f19-4241-b6ef-500186c61044,tawaf_5,tr,https://coaqrsapnpyutsxflsru.supabase.co/storage/v1/object/public/audio%20TR/TR%20Tawaf%205.mp3
428aec6b-cea9-4a0e-90b0-3be972740640,pray,bn,https://coaqrsapnpyutsxflsru.supabase.co/storage/v1/object/public/audio%20BN/BN%20Pray.mp3
4386ab1d-601f-4e90-810a-2e6f65d9de83,tawaf_start,en,https://coaqrsapnpyutsxflsru.supabase.co/storage/v1/object/public/audio%20EN/en_start.mp3
447bc6b6-f21c-46ff-ab8d-a1b7ff8c1044,safa_go,bn,https://coaqrsapnpyutsxflsru.supabase.co/storage/v1/object/public/audio%20BN/BN%20Safa%20Go.mp3
4494dcd9-5767-412f-b738-c3ae3fabceff,safa_3,tr,https://coaqrsapnpyutsxflsru.supabase.co/storage/v1/object/public/audio%20TR/TR%20Safa%203.mp3
45afc394-2fc2-4b8b-a463-3c0d5dddeca8,tawaf_1,en,https://coaqrsapnpyutsxflsru.supabase.co/storage/v1/object/public/audio%20EN/en_tawaf_1.mp3
4a21badc-f4e0-43fa-8ddd-02b5186a3e50,tawaf_1,bn,https://coaqrsapnpyutsxflsru.supabase.co/storage/v1/object/public/audio%20BN/bn_tawaf_1.mp3
4a715996-f7f8-466a-99df-60df1032610a,safa_3,uz,https://coaqrsapnpyutsxflsru.supabase.co/storage/v1/object/public/audio%20UZZ/UZ%20Safa%203.mp3
4a908a02-ab41-467b-a71a-6d7183683c2f,tawaf_6,ms,https://coaqrsapnpyutsxflsru.supabase.co/storage/v1/object/public/audio%20MS/MS%20Tawaf%206.mp3
525707e5-6f21-4a18-a1d4-0e7564a13ea8,safa_4,kk,https://coaqrsapnpyutsxflsru.supabase.co/storage/v1/object/public/audio%20UZ/KZ%20Safa%204.mp3
5306e198-1628-4639-a763-2158f8cf52df,safa_3,ru,https://coaqrsapnpyutsxflsru.supabase.co/storage/v1/object/public/audio/ru_safa_3.mp3
53ec4719-cac8-482e-9a22-f622c2a7d696,tawaf_2,uz,https://coaqrsapnpyutsxflsru.supabase.co/storage/v1/object/public/audio%20UZZ/UZ%20Tawaf%202.mp3
54861a12-d12d-4e38-9cf1-854d50ca915d,pray,tr,https://coaqrsapnpyutsxflsru.supabase.co/storage/v1/object/public/audio%20TR/TR%20Pray.mp3
559f099b-4736-4d14-b615-e87b0f11dfb3,tawaf_3,tr,https://coaqrsapnpyutsxflsru.supabase.co/storage/v1/object/public/audio%20TR/TR%20Tawaf%203.mp3
587380c0-ed90-463c-a005-065a6a2a675e,tawaf_2,id,https://coaqrsapnpyutsxflsru.supabase.co/storage/v1/object/public/audio%20Id/ID%20Tawaf%202.mp3
59ce5d16-a87c-4b12-92a2-9c11ac510443,safa_3,ms,https://coaqrsapnpyutsxflsru.supabase.co/storage/v1/object/public/audio%20MS/MS%20Safa%203.mp3
5a2843b4-d1b6-4dcc-ae16-48d8246a572a,pray,kk,https://coaqrsapnpyutsxflsru.supabase.co/storage/v1/object/public/audio%20UZ/KZ%20Pray.mp3
5b10dc2d-ad80-4865-9dc6-2316e9f169ba,tawaf_6,id,https://coaqrsapnpyutsxflsru.supabase.co/storage/v1/object/public/audio%20Id/ID%20Tawaf%206.mp3
5bdd142b-26a7-40a9-9a4a-7ff1782856fa,safa_4,bn,https://coaqrsapnpyutsxflsru.supabase.co/storage/v1/object/public/audio%20BN/bn_safa_4.mp3
5c2421f3-69d0-44d1-b22f-a39a89233db2,tawaf_2,tr,https://coaqrsapnpyutsxflsru.supabase.co/storage/v1/object/public/audio%20TR/TR%20Tawaf%202.mp3
5c8b1115-b77c-4a3a-83f2-08b7ae582b6f,safa_1,ru,https://coaqrsapnpyutsxflsru.supabase.co/storage/v1/object/public/audio/ru_safa_1.mp3
601b6b6f-f8fa-41fd-bdd2-a922a8c45e85,safa_1,ar,https://coaqrsapnpyutsxflsru.supabase.co/storage/v1/object/public/audio%20AR/AR%20Safa%201.mp3
6219f9a8-4275-4a91-9238-a145f0ead525,safa_end,id,https://coaqrsapnpyutsxflsru.supabase.co/storage/v1/object/public/audio%20Id/ID%20Safa%20End.mp3
638b73f5-fed4-4463-9d79-ff9074cd3549,tawaf_2,kk,https://coaqrsapnpyutsxflsru.supabase.co/storage/v1/object/public/audio%20UZ/KZ%20Tawaf%202.mp3
643ecb64-d7d0-461e-8d7e-954ff9b7b569,safa_7,ru,https://coaqrsapnpyutsxflsru.supabase.co/storage/v1/object/public/audio/ru_safa_7.mp3
660b761b-e830-40c6-beba-9abc23b300b0,zam_zam,bn,https://coaqrsapnpyutsxflsru.supabase.co/storage/v1/object/public/audio%20BN/BN%20Zam%20Zam.mp3
67008005-0d3c-4b87-8910-0da2c72d7672,safa_end,ms,https://coaqrsapnpyutsxflsru.supabase.co/storage/v1/object/public/audio%20MS/MS%20Safa%20End.mp3
6788e253-2b7e-4a25-a754-07d0f457a5de,safa_end,bn,https://coaqrsapnpyutsxflsru.supabase.co/storage/v1/object/public/audio%20BN/bn_end.mp3
6851f5e7-328e-45eb-963e-bde54d076963,safa_go,ms,https://coaqrsapnpyutsxflsru.supabase.co/storage/v1/object/public/audio%20MS/MS%20Safa%20Go.mp3
68d54763-dfbe-46f1-ac57-5b90ee48331f,safa_go,kk,https://coaqrsapnpyutsxflsru.supabase.co/storage/v1/object/public/audio%20UZ/KZ%20Safa%20Go.mp3
6c3c33fa-566e-4ab5-a6b1-983f673e66d1,safa_2,kk,https://coaqrsapnpyutsxflsru.supabase.co/storage/v1/object/public/audio%20UZ/KZ%20Safa%201.mp3
6c47722e-0ede-4169-9904-c5f3bdab82f8,safa_4,id,https://coaqrsapnpyutsxflsru.supabase.co/storage/v1/object/public/audio%20Id/ID%20Safa%204.mp3
6cf0ce55-58b9-48e7-bbaf-60163ee62ad4,tawaf_4,ms,https://coaqrsapnpyutsxflsru.supabase.co/storage/v1/object/public/audio%20MS/MS%20Tawaf%204.mp3
6d843f5a-63ca-489f-985b-c7998e55fddd,safa_3,en,https://coaqrsapnpyutsxflsru.supabase.co/storage/v1/object/public/audio%20EN/EN%20Safa%203.mp3
735add18-deaa-49b5-8acd-c48d689fa9b0,safa_7,tr,https://coaqrsapnpyutsxflsru.supabase.co/storage/v1/object/public/audio%20TR/TR%20Safa%207.mp3
73e7f4db-1a5d-491c-82e8-e0513a9e4563,safa_dua,ar,https://coaqrsapnpyutsxflsru.supabase.co/storage/v1/object/public/audio%20AR/AR%20Safa%20Dua.mp3
78524204-ebd2-488f-bdb3-f64992905477,tawaf_start,ar,https://coaqrsapnpyutsxflsru.supabase.co/storage/v1/object/public/audio%20AR/AR%20Start.mp3
7892115a-ba75-4279-a4f2-320259c4a8fa,safa_5,kk,https://coaqrsapnpyutsxflsru.supabase.co/storage/v1/object/public/audio%20UZ/KZ%20Safa%205.mp3
79519cec-3fe0-46a9-9742-7a835473fc92,safa_go,id,https://coaqrsapnpyutsxflsru.supabase.co/storage/v1/object/public/audio%20Id/ID%20Safa%20Go.mp3
7c727209-2c34-4669-b9ad-a8da265709b1,safa_2,id,https://coaqrsapnpyutsxflsru.supabase.co/storage/v1/object/public/audio%20Id/ID%20Safa%202.mp3
7d48a7b2-bd9a-43c3-aeb6-6751f62dc91b,safa_6,tr,https://coaqrsapnpyutsxflsru.supabase.co/storage/v1/object/public/audio%20TR/TR%20Safa%206.mp3
7de1eea2-7d96-41e3-8366-774c42a533a3,tawaf_7,ar,https://coaqrsapnpyutsxflsru.supabase.co/storage/v1/object/public/audio%20AR/AR%20Tawaf%207.mp3
7e6512b7-b69d-4a36-8383-a443f1f7fdbb,safa_3,kk,https://coaqrsapnpyutsxflsru.supabase.co/storage/v1/object/public/audio%20UZ/KZ%20Safa%203.mp3
7f7008d2-297e-41b0-a962-8ff18122b23b,tawaf_5,ms,https://coaqrsapnpyutsxflsru.supabase.co/storage/v1/object/public/audio%20MS/MS%20Tawaf%205.mp3
7fa64363-3baf-45f2-932b-297919f50985,safa_1,ms,https://coaqrsapnpyutsxflsru.supabase.co/storage/v1/object/public/audio%20MS/MS%20Safa%201.mp3
80d66c15-3054-4703-8cbd-b4c49f708d12,tawaf_4,ru,https://coaqrsapnpyutsxflsru.supabase.co/storage/v1/object/public/audio/RU%20Tawaf%204.mp3
815dfc50-0012-4099-8c07-d0d53384b76d,safa_1,tr,https://coaqrsapnpyutsxflsru.supabase.co/storage/v1/object/public/audio%20TR/TR%20Safa%201.mp3
83760643-51c3-4496-ba28-31f998b3739f,tawaf_6,tr,https://coaqrsapnpyutsxflsru.supabase.co/storage/v1/object/public/audio%20TR/TR%20Tawaf%206.mp3
83a2b448-4b7a-494f-b745-9affb5459ed0,safa_4,tr,https://coaqrsapnpyutsxflsru.supabase.co/storage/v1/object/public/audio%20TR/TR%20Safa%204.mp3
83b5443e-6aba-41c5-959e-96b8f9f8368a,tawaf_7,tr,https://coaqrsapnpyutsxflsru.supabase.co/storage/v1/object/public/audio%20TR/TR%20Tawaf%207.mp3
84ec8bb1-f561-43d6-bfcb-6ff56e2bd892,safa_go,uz,https://coaqrsapnpyutsxflsru.supabase.co/storage/v1/object/public/audio%20UZZ/UZ%20Safa%20Go.mp3
86354d45-f239-4973-bbf8-7d111e7744c7,safa_3,ar,https://coaqrsapnpyutsxflsru.supabase.co/storage/v1/object/public/audio%20AR/AR%20Safa%203.mp3
8775b3b7-9e9b-46f2-b1e4-855f9cc9dfff,pray,ms,https://coaqrsapnpyutsxflsru.supabase.co/storage/v1/object/public/audio%20MS/MS%20Pray.mp3
884a7ecf-b681-45da-9486-3d098270b1d2,tawaf_1,id,https://coaqrsapnpyutsxflsru.supabase.co/storage/v1/object/public/audio%20Id/ID%20Tawaf%201.mp3
896d1dab-3b73-4caf-adca-1f035e8bba63,tawaf_1,ar,https://coaqrsapnpyutsxflsru.supabase.co/storage/v1/object/public/audio%20AR/AR%20Tawaf%201.mp3
8bea5d66-1a74-4355-af53-2ef7536d36a7,safa_end,en,https://coaqrsapnpyutsxflsru.supabase.co/storage/v1/object/public/audio%20EN/EN%20Safa%20End.mp3
8c974785-27b7-4b06-ad56-662db5833fce,tawaf_2,ar,https://coaqrsapnpyutsxflsru.supabase.co/storage/v1/object/public/audio%20AR/AR%20Tawaf%202.mp3
8f443df3-f7eb-4da1-a094-23467a31e0bb,safa_6,uz,https://coaqrsapnpyutsxflsru.supabase.co/storage/v1/object/public/audio%20UZZ/UZ%20Safa%206.mp3
930bb3f0-3391-4093-bede-e377f097e10c,zam_zam,ru,https://coaqrsapnpyutsxflsru.supabase.co/storage/v1/object/public/audio/ru_zam_zam.mp3
9371482c-0285-4ffd-b481-47c4f5ac1bde,tawaf_start,bn,https://coaqrsapnpyutsxflsru.supabase.co/storage/v1/object/public/audio%20BN/BN%20Start.mp3
93ccbc46-0ebb-4c00-acae-4f988b491cac,tawaf_3,bn,https://coaqrsapnpyutsxflsru.supabase.co/storage/v1/object/public/audio%20BN/BN%20Tawaf%203.mp3
94d5de2e-4aae-4b49-9ae5-893020b46f83,tawaf_1,tr,https://coaqrsapnpyutsxflsru.supabase.co/storage/v1/object/public/audio%20TR/TR%20Tawaf%201.mp3
95847c76-d03b-4857-a83f-0015c83f3621,safa_5,tr,https://coaqrsapnpyutsxflsru.supabase.co/storage/v1/object/public/audio%20TR/TR%20Safa%205.mp3
9693c36c-327d-42f2-9346-f4033015c13d,tawaf_5,uz,https://coaqrsapnpyutsxflsru.supabase.co/storage/v1/object/public/audio%20UZZ/UZ%20Tawaf%205.mp3
96b420ba-70e9-476e-ae83-da966e9fb120,safa_dua,id,https://coaqrsapnpyutsxflsru.supabase.co/storage/v1/object/public/audio%20Id/ID%20Safa%20Dua.mp3
97243e95-4e00-465e-bd7a-74354bc7fcc9,zam_zam,en,https://coaqrsapnpyutsxflsru.supabase.co/storage/v1/object/public/audio%20EN/en_zamzam.mp3
97284a0e-0ca8-42ee-97bb-7ccedc2e6a8d,pray,uz,https://coaqrsapnpyutsxflsru.supabase.co/storage/v1/object/public/audio%20UZZ/UZ%20Pray.mp3
993baf7f-0d19-4e9a-97d9-971feae87b17,safa_end,ar,https://coaqrsapnpyutsxflsru.supabase.co/storage/v1/object/public/audio%20AR/AR%20Safa%20End.mp3
9a0c39b0-2594-40e8-9457-30702862335b,safa_end,uz,https://coaqrsapnpyutsxflsru.supabase.co/storage/v1/object/public/audio%20UZZ/UZ%20Safa%20End.mp3
9d9fa52f-590a-457d-8ffd-f68184325805,safa_2,ru,https://coaqrsapnpyutsxflsru.supabase.co/storage/v1/object/public/audio/ru_safa_2.mp3
9ddaf51e-417a-483c-8602-058ecf903402,tawaf_6,ru,https://coaqrsapnpyutsxflsru.supabase.co/storage/v1/object/public/audio/ru_tawaf_6.mp3
a0aacdc1-fb53-4423-b152-1826502557f2,safa_2,en,https://coaqrsapnpyutsxflsru.supabase.co/storage/v1/object/public/audio%20EN/EN%20Safa%202.mp3
a1e6cf15-17fb-4b1c-b816-8e17256f82cd,tawaf_2,ru,https://coaqrsapnpyutsxflsru.supabase.co/storage/v1/object/public/audio/ru_tawaf_2.mp3
a22442e2-f2a2-4e29-a2fe-7821a7c8ff11,safa_2,uz,https://coaqrsapnpyutsxflsru.supabase.co/storage/v1/object/public/audio%20UZZ/UZ%20Safa%202.mp3
a36a2c17-0464-46c6-a3e8-8f0ba80ac431,safa_7,en,https://coaqrsapnpyutsxflsru.supabase.co/storage/v1/object/public/audio%20EN/EN%20Safa%207.mp3
a42123eb-39de-47a8-b4ea-8f263a90498f,tawaf_3,kk,https://coaqrsapnpyutsxflsru.supabase.co/storage/v1/object/public/audio%20UZ/KZ%20Tawaf%203.mp3
a570644d-a158-48ee-9a62-e13030a390be,safa_6,kk,https://coaqrsapnpyutsxflsru.supabase.co/storage/v1/object/public/audio%20UZ/KZ%20Safa%206.mp3
a65cfec1-70c8-4a76-99ff-789161901b24,tawaf_6,kk,https://coaqrsapnpyutsxflsru.supabase.co/storage/v1/object/public/audio%20UZ/KZ%20Tawaf%206.mp3
a73864f9-d242-4880-b3c8-89da1d5c9fa3,zam_zam,ms,https://coaqrsapnpyutsxflsru.supabase.co/storage/v1/object/public/audio%20MS/MS%20Zam%20Zam.mp3
a8b9d4d6-1aca-496a-a3da-6ba5e3ed75d3,tawaf_6,uz,https://coaqrsapnpyutsxflsru.supabase.co/storage/v1/object/public/audio%20UZZ/UZ%20Tawaf%206.mp3
a8d3605d-98ac-4dc1-b177-f096486069c9,tawaf_1,kk,https://coaqrsapnpyutsxflsru.supabase.co/storage/v1/object/public/audio%20UZ/KZ%20Tawaf%201.mp3
a8e85a2b-5e7f-4853-8b98-0a8f66f7c4fa,safa_7,id,https://coaqrsapnpyutsxflsru.supabase.co/storage/v1/object/public/audio%20Id/ID%20Safa%207.mp3
a8f9cb98-f2bc-4602-a099-bbc575fe1f7a,safa_6,ar,https://coaqrsapnpyutsxflsru.supabase.co/storage/v1/object/public/audio%20AR/AR%20Safa%206.mp3
aa178d65-372c-40d7-9060-1c1806c16404,safa_2,ar,https://coaqrsapnpyutsxflsru.supabase.co/storage/v1/object/public/audio%20AR/AR%20Safa%202.mp3
ab73a5ae-d6d2-427f-a2c6-ea750dc8aa70,safa_5,en,https://coaqrsapnpyutsxflsru.supabase.co/storage/v1/object/public/audio%20EN/EN%20Safa%205.mp3
aef2c7c6-bfdf-45ec-8763-f11ac37cf963,tawaf_3,uz,https://coaqrsapnpyutsxflsru.supabase.co/storage/v1/object/public/audio%20UZZ/UZ%20Tawaf%203.mp3
b0300731-4c93-4b09-ad53-a69cb1584d18,safa_2,bn,https://coaqrsapnpyutsxflsru.supabase.co/storage/v1/object/public/audio%20BN/BN%20Safa%202.mp3
b22d5a8a-e8f4-4736-bf6e-db72bfad897e,safa_4,ar,https://coaqrsapnpyutsxflsru.supabase.co/storage/v1/object/public/audio%20AR/AR%20Safa%204.mp3
b41e81e4-ee7f-48b6-89b0-ff14670cd6d5,tawaf_4,en,https://coaqrsapnpyutsxflsru.supabase.co/storage/v1/object/public/audio%20EN/en_tawaf_4.mp3
b5f305ca-f764-4eaf-a24d-96c963773c49,safa_4,ms,https://coaqrsapnpyutsxflsru.supabase.co/storage/v1/object/public/audio%20MS/MS%20Safa%204.mp3
b80930ab-ba28-4af8-a185-9645d925d61e,zam_zam,id,https://coaqrsapnpyutsxflsru.supabase.co/storage/v1/object/public/audio%20Id/ID%20Zam%20Zam.mp3
b902dd94-b5f4-4fae-9625-cb2e4b2b4bf8,safa_7,uz,https://coaqrsapnpyutsxflsru.supabase.co/storage/v1/object/public/audio%20UZZ/UZ%20Safa%207.mp3
ba6990a3-2426-4878-b0b9-500eb00619d7,tawaf_5,id,https://coaqrsapnpyutsxflsru.supabase.co/storage/v1/object/public/audio%20Id/ID%20Tawaf%205.mp3
baa4c0a8-88cf-4e04-b773-a525bbbdb0b4,tawaf_start,ru,https://coaqrsapnpyutsxflsru.supabase.co/storage/v1/object/public/audio/ru_start.mp3
bd6d577a-e4b8-4e8b-aab7-b0a8ed846540,safa_go,ar,https://coaqrsapnpyutsxflsru.supabase.co/storage/v1/object/public/audio%20AR/AR%20Safa%20Go.mp3
bdeea922-9659-447b-a7ac-3d27b10a5cdb,safa_4,uz,https://coaqrsapnpyutsxflsru.supabase.co/storage/v1/object/public/audio%20UZZ/UZ%20Safa%204.mp3
c19ed483-4491-44cf-99d4-b40d450b6aca,tawaf_start,id,https://coaqrsapnpyutsxflsru.supabase.co/storage/v1/object/public/audio%20Id/ID%20Start.mp3
c2a659f2-4ed8-496d-876a-837a5a82e5b6,tawaf_7,ru,https://coaqrsapnpyutsxflsru.supabase.co/storage/v1/object/public/audio/ru_tawaf_7.mp3
c4af6a33-358d-4619-8390-fe8d9acca524,tawaf_start,uz,https://coaqrsapnpyutsxflsru.supabase.co/storage/v1/object/public/audio%20UZZ/UZ%20Start.mp3
c5a12516-563d-4d29-ac37-0ff9cf2a4607,safa_5,bn,https://coaqrsapnpyutsxflsru.supabase.co/storage/v1/object/public/audio%20BN/bn_safa_5.mp3
c82c2c2d-da53-4e70-932f-7dab5302078d,safa_7,kk,https://coaqrsapnpyutsxflsru.supabase.co/storage/v1/object/public/audio%20UZ/KZ%20Safa%207.mp3
c937654c-8b72-4cbb-bb01-59e47972af0d,tawaf_1,ru,https://coaqrsapnpyutsxflsru.supabase.co/storage/v1/object/public/audio/ru_tawaf_1.mp3
ca0bfb6c-fa70-41df-a3a8-3ce7b19f138c,tawaf_1,ms,https://coaqrsapnpyutsxflsru.supabase.co/storage/v1/object/public/audio%20MS/MS%20Tawaf%201.mp3
ca84e99e-5934-4561-ad31-d933631f93d0,tawaf_7,uz,https://coaqrsapnpyutsxflsru.supabase.co/storage/v1/object/public/audio%20UZZ/UZ%20Tawaf%207.mp3
cbac59e7-96bd-4d77-b032-ad7f445983c5,tawaf_4,uz,https://coaqrsapnpyutsxflsru.supabase.co/storage/v1/object/public/audio%20UZZ/UZ%20Tawaf%204.mp3
ccda2aeb-bfae-4c4a-8ff9-934513324ccd,safa_end,ru,https://coaqrsapnpyutsxflsru.supabase.co/storage/v1/object/public/audio/ru_end.mp3
cdbfb862-f01b-4b78-8d5e-a154b57c994a,safa_5,ar,https://coaqrsapnpyutsxflsru.supabase.co/storage/v1/object/public/audio%20AR/AR%20Safa%205.mp3
ce078c83-cbaa-4f14-a731-7fa1d0bde6a2,tawaf_7,en,https://coaqrsapnpyutsxflsru.supabase.co/storage/v1/object/public/audio%20EN/en_tawaf_7.mp3
ce99e7f2-e555-438a-8584-1e1907870858,tawaf_4,ar,https://coaqrsapnpyutsxflsru.supabase.co/storage/v1/object/public/audio%20AR/AR%20Tawaf%204.mp3
d0365e20-a93d-486f-b06b-0b3c56b3911e,tawaf_1,uz,https://coaqrsapnpyutsxflsru.supabase.co/storage/v1/object/public/audio%20UZZ/UZ%20tawaf%201.mp3
d0670cee-43ff-4a4f-8d3a-1268ee8ba76a,safa_6,ms,https://coaqrsapnpyutsxflsru.supabase.co/storage/v1/object/public/audio%20MS/MS%20Safa%206.mp3
d0d67c43-f25a-4fcc-8a16-3cff27031af8,safa_5,ms,https://coaqrsapnpyutsxflsru.supabase.co/storage/v1/object/public/audio%20MS/MS%20Safa%205.mp3
d27bfb9f-e26e-4004-9c6f-c23d4d103b94,tawaf_3,ms,https://coaqrsapnpyutsxflsru.supabase.co/storage/v1/object/public/audio%20MS/MS%20Tawaf%203.mp3
d2bbeddc-bb9c-418e-8df7-9770a1394282,pray,id,https://coaqrsapnpyutsxflsru.supabase.co/storage/v1/object/public/audio%20Id/ID%20Pray.mp3
d3f7f9ab-51c1-4cf3-8447-eef4250f10a0,tawaf_4,kk,https://coaqrsapnpyutsxflsru.supabase.co/storage/v1/object/public/audio%20UZ/KZ%20Tawaf%204.mp3
d4111659-2729-49b6-b499-cff78e568d6f,safa_7,ms,https://coaqrsapnpyutsxflsru.supabase.co/storage/v1/object/public/audio%20MS/MS%20Safa%207.mp3
d6bccd61-8332-4975-bb35-52a6f2c30057,safa_dua,ms,https://coaqrsapnpyutsxflsru.supabase.co/storage/v1/object/public/audio%20MS/MS%20Safa%20Dua.mp3
d6c47304-cb26-44ce-bf06-7ed727f0b36e,zam_zam,tr,https://coaqrsapnpyutsxflsru.supabase.co/storage/v1/object/public/audio%20TR/TR%20Zam%20Zam.mp3
d83ba2a9-3bf8-4deb-bcae-95fa0a83c550,safa_6,id,https://coaqrsapnpyutsxflsru.supabase.co/storage/v1/object/public/audio%20Id/ID%20Safa%206.mp3
dcfbb1bc-0b5b-4126-8582-52cd2d31a6a1,safa_1,en,https://coaqrsapnpyutsxflsru.supabase.co/storage/v1/object/public/audio%20EN/EN%20Safa%201.mp3
dd19f769-06e8-495c-be96-89211e4cc754,zam_zam,kk,https://coaqrsapnpyutsxflsru.supabase.co/storage/v1/object/public/audio%20UZ/KZ%20Zam%20Zam.mp3
dec2ee7e-bb94-413e-a6db-c32ef277b010,safa_7,ar,https://coaqrsapnpyutsxflsru.supabase.co/storage/v1/object/public/audio%20AR/AR%20Safa%207.mp3
e4fde8f0-cde4-441e-b831-33d6cf21ca86,tawaf_5,bn,https://coaqrsapnpyutsxflsru.supabase.co/storage/v1/object/public/audio%20BN/BN%20Tawaf%205.mp3
e66907f1-e78d-4142-a4b3-df423b534982,safa_2,ms,https://coaqrsapnpyutsxflsru.supabase.co/storage/v1/object/public/audio%20MS/MS%20Safa%202.mp3
e724f097-661f-4ba7-9cd4-22909ae12ca6,safa_go,tr,https://coaqrsapnpyutsxflsru.supabase.co/storage/v1/object/public/audio%20TR/TR%20Safa%20Go.mp3
e72767ef-da28-42ae-92b6-1152cb582653,safa_1,uz,https://coaqrsapnpyutsxflsru.supabase.co/storage/v1/object/public/audio%20UZZ/UZ%20Safa%201.mp3
e93f74a8-8580-4c8e-bc7b-008ee3286102,safa_3,bn,https://coaqrsapnpyutsxflsru.supabase.co/storage/v1/object/public/audio%20BN/BN%20Safa%203.mp3
eaeb2e61-bbcc-439c-80f9-20045bfb9482,safa_2,tr,https://coaqrsapnpyutsxflsru.supabase.co/storage/v1/object/public/audio%20TR/TR%20Safa%202.mp3
eb96a8cd-fc26-458b-bac6-986b786bb040,safa_1,kk,https://coaqrsapnpyutsxflsru.supabase.co/storage/v1/object/public/audio%20UZ/KZ%20Safa%201.mp3
ec4f5f5e-ed5b-4834-83f5-9a121faa3503,tawaf_3,ar,https://coaqrsapnpyutsxflsru.supabase.co/storage/v1/object/public/audio%20AR/AR%20Tawaf%203.mp3
ec7fd6e4-30e1-4614-a65d-aa4f0cd66db4,safa_dua,uz,https://coaqrsapnpyutsxflsru.supabase.co/storage/v1/object/public/audio%20UZZ/UZ%20Safa%20Dua.mp3
ecd71797-7d7f-4834-a439-3f92740119c6,tawaf_2,ms,https://coaqrsapnpyutsxflsru.supabase.co/storage/v1/object/public/audio%20MS/MS%20Tawaf%202.mp3
ee168b50-05d9-4e9d-84d8-e895461a9a37,safa_6,ru,https://coaqrsapnpyutsxflsru.supabase.co/storage/v1/object/public/audio/ru_safa_6.mp3
f143fc13-c977-45a6-a26d-c3cb0083b561,safa_go,en,https://coaqrsapnpyutsxflsru.supabase.co/storage/v1/object/public/audio%20EN/EN%20Safa%20Go.mp3
f3fdffe5-feb6-4bfb-962a-63695567249f,tawaf_3,ru,https://coaqrsapnpyutsxflsru.supabase.co/storage/v1/object/public/audio/ru_tawaf_3.mp3
f543fc64-6761-4ac1-a318-1a1ab3938bd8,tawaf_7,kk,https://coaqrsapnpyutsxflsru.supabase.co/storage/v1/object/public/audio%20UZ/KZ%20Tawaf%207.mp3
f79114ac-96b2-4720-b988-2bfb91e731bb,zam_zam,ar,https://coaqrsapnpyutsxflsru.supabase.co/storage/v1/object/public/audio%20AR/AR%20Zam%20Zam.mp3
f812ba3e-88db-4252-87f0-fc81537e8ea5,tawaf_start,ms,https://coaqrsapnpyutsxflsru.supabase.co/storage/v1/object/public/audio%20MS/MS%20Start.mp3
f90ade53-d865-48da-bd46-4fda0ebb61d1,safa_dua,bn,https://coaqrsapnpyutsxflsru.supabase.co/storage/v1/object/public/audio%20BN/BN%20Safa%20Dua.mp3
fafac94f-9662-4112-9d64-a51ae1550e61,tawaf_2,en,https://coaqrsapnpyutsxflsru.supabase.co/storage/v1/object/public/audio%20EN/en_tawaf_2.mp3
fb96c8ca-4ec0-45d6-8453-66d815b4af6a,safa_4,ru,https://coaqrsapnpyutsxflsru.supabase.co/storage/v1/object/public/audio/ru_safa_4.mp3
fc4471fc-6236-4d4c-a16d-70d32fbd9faa,tawaf_start,tr,https://coaqrsapnpyutsxflsru.supabase.co/storage/v1/object/public/audio%20TR/TR%20Start.mp3
fc678152-6ead-499d-a009-2139c88dbed0,safa_go,ru,https://coaqrsapnpyutsxflsru.supabase.co/storage/v1/object/public/audio/ru_safa_go.mp3